Name,Height,Weight
A.C. Green,81,220
A.J. Bramlett,82,227
A.J. English,75,175
A.J. Guyton,73,180
A.J. Price,74,181
A.J. Wynder,74,180
A.W. Holt,79,210
Aaron Brooks,72,161
Aaron Gray,84,270
Aaron James,80,210
Aaron McKie,77,209
Aaron Miles,73,175
Aaron Swinson,77,230
Aaron Williams,81,220
Abdul Jeelani,80,210
Acie Earl,82,240
Acie Law,75,195
Adam Harrington,77,200
Adam Keefe,81,230
Adam Morrison,80,205
Adonal Foyle,82,250
Adonis Jordan,71,170
Adonis Thomas,79,200
Adrian Branch,79,185
Adrian Caldwell,80,265
Adrian Dantley,77,208
Adrian Griffin,77,217
Adrian Smith,73,180
Al Attles,72,175
Al Bianchi,75,185
Al Butler,74,175
Al Carlson,83,235
Al Eberhard,78,225
Al Ferrari,76,190
Al Fleming,79,215
Al Hairston,73,170
Al Harrington,81,230
Al Henry,81,190
Al Horford,82,245
Al Jackson,73,185
Al Jefferson,82,265
Al Roges,76,195
Al Skinner,75,190
Al Thornton,80,220
Al Tucker,80,190
Al Wood,78,193
Al-Farouq Aminu,81,215
Alaa Abdelnaby,82,240
Alan Anderson,78,220
Alan Hardy,79,195
Alan Henderson,81,235
Alan Ogg,86,240
Alando Tucker,78,205
Albert King,78,190
Alec Burks,78,195
Alec Kessler,83,230
Aleksandar Djordjevic,74,198
Aleksandar Radojevic,87,250
Alex Acker,77,185
Alex Blackwell,78,250
Alex Bradley,78,215
Alex English,79,190
Alex Garcia,75,220
Alex Hannum,79,210
Alex Len,85,255
Alex Scales,76,185
Alex Stivrins,80,220
Alexander Johnson,81,240
Alexander Volkov,82,218
Alexey Shved,78,190
Alexis Ajinca,84,220
Alfred McGuire,74,180
Alfredrick Hughes,77,215
Allan Bristow,79,210
Allan Houston,78,200
Allan Ray,74,190
Allen Crabbe,78,210
Allen Iverson,72,165
Allen Leavell,73,170
Allen Murphy,77,190
Allie McGuire,75,175
Alonzo Bradley,78,190
Alonzo Gee,78,220
Alonzo Mourning,82,240
Alphonso Ford,73,190
Alton Ford,81,275
Alton Lister,84,240
Alvan Adams,81,210
Alvin Heggs,80,225
Alvin Jones,83,265
Alvin Robertson,75,185
Alvin Scott,79,185
Alvin Sims,76,235
Alvin Williams,77,185
Amal McCaskill,83,235
Amar'e Stoudemire,82,245
Amir Johnson,81,210
Anderson Varejao,82,230
Andrae Patterson,81,238
Andray Blatche,83,235
Andre Barrett,70,172
Andre Brown,81,245
Andre Drummond,82,270
Andre Emmett,77,230
Andre Iguodala,78,207
Andre McCarter,75,190
Andre Miller,74,200
Andre Moore,81,215
Andre Owens,76,200
Andre Roberson,79,210
Andre Spencer,78,210
Andre Turner,71,160
Andre Wakefield,75,175
Andrea Bargnani,84,225
Andreas Glyniadakis,85,280
Andrei Kirilenko,81,220
Andres Guibert,82,225
Andres Nocioni,79,225
Andrew Bogut,84,245
Andrew Bynum,84,285
Andrew DeClercq,82,230
Andrew Gaze,79,205
Andrew Goudelock,75,200
Andrew Lang,83,245
Andrew Nicholson,81,250
Andrew Toney,75,178
Andris Biedrins,83,240
Andy Johnson,77,215
Andy Panko,81,222
Andy Phillip,74,195
Andy Rautins,76,190
Andy Toolson,78,210
Andy Walker,76,190
Anfernee Hardaway,79,195
Ansu Sesay,81,225
Antawn Jamison,80,223
Anthony Avent,81,235
Anthony Bennett,80,240
Anthony Bonner,80,215
Anthony Bowie,78,190
Anthony Carter,73,190
Anthony Cook,81,205
Anthony Davis,82,220
Anthony Frederick,79,205
Anthony Goldwire,73,182
Anthony Grundy,75,180
Anthony Johnson,75,190
Anthony Jones,78,195
Anthony Mason,79,250
Anthony Miller,81,225
Anthony Morrow,77,210
Anthony Parker,78,215
Anthony Peeler,76,208
Anthony Pullard,82,245
Anthony Randolph,82,205
Anthony Roberson,74,180
Anthony Roberts,77,185
Anthony Taylor,76,175
Anthony Tolliver,80,240
Anthony Tucker,80,220
Antoine Carr,81,225
Antoine Rigaudeau,79,210
Antoine Walker,80,224
Antoine Wright,79,210
Antonio Anderson,78,215
Antonio Burks,73,200
Antonio Daniels,76,195
Antonio Davis,81,215
Antonio Harvey,83,225
Antonio Lang,80,205
Antonio McDyess,81,220
Antonis Fotsis,82,219
Archie Clark,74,175
Archie Dees,80,205
Archie Goodwin,77,198
Arinze Onuaku,81,275
Armen Gilliam,81,230
Armon Johnson,75,195
Armond Hill,76,190
Arnett Moultrie,83,249
Arnie Risen,81,200
Aron Baynes,82,260
Arron Afflalo,77,215
Art Collins,76,185
Art Harris,76,185
Art Heyman,77,205
Art Long,81,250
Art Spoelstra,81,220
Art Williams,73,180
Artis Gilmore,86,240
Arvid Kramer,81,220
Arvydas Macijauskas,76,214
Arvydas Sabonis,87,279
Ashraf Amaya,80,230
Askia Jones,77,200
Audie Norris,81,230
Austin Carr,76,200
Austin Croshere,81,235
Austin Daye,83,200
Austin Rivers,76,200
Avery Bradley,74,180
Avery Johnson,70,175
Awvee Storey,78,222
B.J. Armstrong,74,175
B.J. Tyler,73,185
Bailey Howell,79,210
Barney Cable,79,175
Baron Davis,75,209
Barry Clemens,78,210
Barry Kramer,76,200
Barry Nelson,82,230
Barry Orms,75,190
Barry Stevens,77,195
Barry Sumpter,83,215
Barry Yates,79,215
Bart Kofoed,76,210
Bayard Forrest,82,235
Ben Clyde,79,198
Ben Coleman,81,235
Ben Davis,81,240
Ben Gillery,84,235
Ben Gordon,75,200
Ben Handlogten,82,240
Ben Hansbrough,75,203
Ben Kelso,75,195
Ben McDonald,80,210
Ben McLemore,77,195
Ben Poquette,81,235
Ben Uzoh,75,205
Ben Wallace,81,240
Ben Warley,77,200
Bennie Swain,80,220
Beno Udrih,75,205
Benoit Benjamin,84,250
Bernard James,82,240
Bernard King,79,205
Bernard Robinson,78,210
Bernard Thompson,78,210
Bernard Toone,81,210
Bernie Fryer,75,185
Bernie Harris,82,200
Bernie Williams,75,175
Bert Cook,75,185
Bevo Nordmann,82,225
Bill Bradley,77,205
Bill Bridges,78,228
Bill Buntin,79,250
Bill Calhoun,75,180
Bill Cartwright,85,245
Bill Chamberlain,78,188
Bill Curley,81,220
Bill Dinwiddie,79,220
Bill Ebben,76,190
Bill Edwards,80,215
Bill Gabor,71,170
Bill Garnett,81,225
Bill Hanzlik,79,185
Bill Hewitt,79,210
Bill Hosket,80,225
Bill Jones,79,175
Bill Laimbeer,83,245
Bill Ligon,76,180
Bill Martin,79,205
Bill Mayfield,79,205
Bill McGill,81,225
Bill Melchionni,73,165
Bill Robinzine,79,230
Bill Russell,82,215
Bill Sharman,73,175
Bill Smith,77,190
Bill Stricker,81,210
Bill Thieben,79,215
Bill Turner,79,220
Bill Walker,78,220
Bill Walton,83,210
Bill Wennington,84,245
Bill Willoughby,80,205
Bill Zopf,73,170
Billy Cunningham,78,210
Billy Donovan,71,171
Billy Kenville,74,187
Billy Knight,78,195
Billy McKinney,72,160
Billy Owens,80,220
Billy Paultz,83,235
Billy Ray Bates,76,210
Billy Reid,77,190
Billy Thomas,76,208
Billy Thompson,79,195
Bimbo Coles,73,180
Bingo Smith,77,195
Bird Averitt,73,170
Bismack Biyombo,81,229
Bison Dele,81,235
Blair Rasmussen,84,250
Blake Ahearn,74,190
Blake Griffin,82,251
Blue Edwards,76,200
Bo Ellis,81,197
Bo Erias,75,220
Bo Kimble,76,190
Bo Lamar,73,180
Bo Outlaw,80,210
Bob Allen,81,205
Bob Anderegg,75,200
Bob Armstrong,80,220
Bob Arnzen,77,205
Bob Bigelow,79,215
Bob Boozer,80,215
Bob Brannum,77,215
Bob Burrow,79,228
Bob Carney,75,170
Bob Carrington,78,195
Bob Christian,82,255
Bob Cousy,73,175
Bob Dandridge,78,195
Bob Davies,73,175
Bob Davis,79,215
Bob Duffy,75,185
Bob Elliott,81,225
Bob Ferry,80,230
Bob Greacen,79,206
Bob Gross,78,200
Bob Hansen,78,190
Bob Harrison,73,190
Bob Hogsett,79,230
Bob Hopkins,80,205
Bob Houbregs,79,210
Bob Kauffman,80,240
Bob Knight,74,185
Bob Lanier,83,250
Bob Love,80,215
Bob Martin,84,250
Bob McAdoo,81,210
Bob McCann,78,244
Bob McNeill,73,170
Bob Miller,82,230
Bob Nash,80,195
Bob Peterson,77,210
Bob Pettit,81,205
Bob Portman,77,200
Bob Quick,77,215
Bob Riley,81,235
Bob Rule,81,220
Bob Santini,77,190
Bob Schafer,75,195
Bob Sims,77,220
Bob Sura,77,200
Bob Thornton,82,225
Bob Verga,73,190
Bob Warlick,77,200
Bob Weiss,74,180
Bob Wiesenhahn,76,215
Bob Wilkerson,78,195
Bob Williams,78,230
Bobby Brown,74,175
Bobby Cattage,81,250
Bobby Hurley,72,165
Bobby Jackson,73,185
Bobby Jones,79,215
Bobby Jones,81,210
Bobby Lewis,75,175
Bobby Phills,77,210
Bobby Simmons,79,210
Bobby Smith,76,190
Bobby Wanzer,72,170
Bobby Washington,71,175
Bobby Watson,72,160
Bobby Wilson,75,175
Boniface N'Dong,84,198
Bonzi Wells,77,210
Boo Ellis,77,185
Boris Diaw,80,215
Boris Nachamkin,78,210
Bostjan Nachbar,81,221
Bracey Wright,75,210
Brad Branson,82,220
Brad Daugherty,84,245
Brad Davis,75,180
Brad Holland,75,180
Brad Lohaus,83,230
Brad Miller,83,244
Brad Sellers,84,210
Brad Wright,83,225
Bradley Beal,75,207
Brandan Wright,81,205
Brandin Knight,72,180
Brandon Armstrong,77,188
Brandon Bass,80,240
Brandon Davies,82,240
Brandon Hunter,79,260
Brandon Jennings,73,169
Brandon Knight,75,189
Brandon Roy,78,215
Brandon Rush,78,210
Brandon Williams,78,215
Brant Weidner,81,230
Brendan Haywood,84,268
Brendan McCann,74,178
Brent Barry,78,185
Brent Price,73,165
Brent Scott,82,250
Brett Szabo,83,230
Brett Vroman,84,220
Brevin Knight,70,173
Brian Cardinal,80,245
Brian Cook,81,234
Brian Davis,79,200
Brian Evans,80,220
Brian Grant,81,254
Brian Heaney,74,180
Brian Howard,78,204
Brian Martin,81,212
Brian Oliver,76,210
Brian Quinnett,80,235
Brian Roberts,73,180
Brian Rowsom,81,220
Brian Scalabrine,81,241
Brian Shaw,78,190
Brian Skinner,81,255
Brian Taylor,74,185
Brian Winters,76,185
Britton Johnsen,82,210
Brook Lopez,84,260
Brook Steppe,77,195
Brooks Thompson,76,193
Bruce Bowen,79,185
Bruce Douglas,75,195
Bruce Flowers,80,225
Bruce Kuczenski,82,230
Bruce Seals,80,210
Bruno Sundov,86,220
Bryan Warrick,77,195
Bryant Reeves,84,275
Bryant Stith,77,208
Bryce Drew,74,185
Bryon Russell,79,225
Bubba Wells,77,230
Bubba Wilson,75,175
Buck Johnson,79,190
Buck Williams,80,215
Bucky Bockhorn,76,200
Bud Acton,78,210
Bud Koper,78,210
Bud Ogden,78,215
Bud Olsen,80,220
Bud Stallworth,77,190
Butch Beard,75,185
Butch Carter,77,180
Butch Feher,76,185
Butch Lee,72,185
Byron Beck,81,225
Byron Dinkins,73,170
Byron Houston,77,250
Byron Irvin,77,190
Byron Mullens,84,275
Byron Scott,75,195
C.J. Kupec,78,220
C.J. McCollum,76,200
C.J. Miles,78,210
C.J. Watson,74,180
Cal Bowdler,82,245
Cal Christensen,77,210
Cal Ramsey,76,200
Calbert Cheaney,79,209
Caldwell Jones,83,217
Calvin Booth,83,230
Calvin Garrett,79,190
Calvin Murphy,69,165
Calvin Natt,78,220
Campy Russell,80,215
Carey Scurry,79,188
Carl Bailey,84,210
Carl Braun,77,180
Carl Henry,78,205
Carl Herrera,81,215
Carl Kilpatrick,82,230
Carl Landry,81,248
Carl McNulty,75,185
Carl Nicks,73,175
Carl Thomas,76,175
Carldell Johnson,70,180
Carlos Arroyo,74,202
Carlos Boozer,81,258
Carlos Clark,76,210
Carlos Delfino,78,230
Carlos Rogers,83,220
Carlos Terry,77,210
Carlton McKinney,76,190
Carmelo Anthony,80,230
Caron Butler,79,217
Carrick Felix,78,201
Cartier Martin,79,220
Casey Jacobsen,78,215
Casey Shaw,83,260
Casper Ware,70,175
Cazzie Russell,77,218
Cedric Ball,80,210
Cedric Bozeman,78,207
Cedric Ceballos,78,190
Cedric Henderson,79,215
Cedric Henderson,80,210
Cedric Jackson,75,191
Cedric Lewis,82,235
Cedric Maxwell,80,205
Cedric Simmons,81,235
Cedrick Hordges,80,220
Cezary Trybanski,86,240
Chad Gallagher,82,255
Chad Kinch,76,190
Chandler Parsons,81,200
Channing Frye,83,248
Charles Barkley,78,252
Charles Bradley,77,215
Charles Claxton,84,265
Charles Davis,79,215
Charles Dudley,74,180
Charles Jenkins,75,220
Charles Johnson,72,170
Charles Jones,75,180
Charles Jones,80,215
Charles Jones,81,215
Charles O'Bannon,77,209
Charles Oakley,80,225
Charles Pittman,80,220
Charles Shackleford,82,225
Charles Smith,73,160
Charles Smith,76,194
Charles Smith,82,230
Charlie Bell,75,200
Charlie Criss,68,165
Charlie Davis,74,160
Charlie Hardnett,80,225
Charlie Lowery,75,185
Charlie Paulk,80,219
Charlie Scott,77,175
Charlie Tyra,80,230
Charlie Villanueva,83,240
Charlie Ward,74,190
Charlie Yelverton,74,190
Chase Budinger,79,218
Chauncey Billups,75,202
Cheese Johnson,78,195
Cheikh Samb,85,245
Cherokee Parks,83,235
Chet Walker,78,212
Chico Vaughn,74,190
Chris Andersen,82,230
Chris Anstey,84,249
Chris Babb,77,225
Chris Bosh,82,228
Chris Carr,77,207
Chris Childs,75,195
Chris Copeland,81,235
Chris Corchiani,72,185
Chris Crawford,81,235
Chris Douglas-Roberts,79,200
Chris Dudley,83,235
Chris Duhon,73,185
Chris Engler,83,245
Chris Ford,77,190
Chris Garner,70,156
Chris Gatling,82,220
Chris Harris,75,190
Chris Herren,74,197
Chris Hunter,83,240
Chris Jefferies,80,225
Chris Jent,79,220
Chris Johnson,78,201
Chris Johnson,83,210
Chris Kaman,84,268
Chris King,80,215
Chris McCray,77,192
Chris McNealy,79,210
Chris Mihm,84,265
Chris Mills,78,215
Chris Morris,80,210
Chris Mullin,78,200
Chris Munk,81,225
Chris Owens,79,245
Chris Paul,72,175
Chris Porter,79,218
Chris Quinn,74,185
Chris Richard,81,270
Chris Robinson,77,200
Chris Singleton,80,230
Chris Smith,74,200
Chris Smith,75,190
Chris Taft,82,260
Chris Washburn,83,225
Chris Webber,81,245
Chris Welp,84,245
Chris Whitney,72,168
Chris Wilcox,82,221
Chris Wright,73,210
Chris Wright,80,226
Christian Eyenga,77,210
Christian Laettner,83,235
Chubby Cox,74,180
Chuck Cooper,77,210
Chuck Grigsby,77,190
Chuck Hayes,78,240
Chuck Mencel,72,168
Chuck Nevitt,89,217
Chuck Noble,76,190
Chuck Osborne,78,210
Chuck Person,80,220
Chuck Share,83,235
Chuck Terry,78,215
Chuck Williams,74,175
Chuckie Williams,75,180
Chucky Atkins,71,160
Chucky Brown,79,214
Clarence Glover,80,210
Clarence Kea,78,218
Clarence Weatherspoon,78,240
Clark Kellogg,79,225
Claude English,76,185
Claude Gregory,80,205
Claude Terry,76,195
Clay Johnson,76,175
Clem Haskins,75,195
Clemon Johnson,82,240
Cleo Hill,73,185
Cleveland Buckner,81,210
Cliff Anderson,74,200
Cliff Hagan,76,210
Cliff Levingston,80,210
Cliff Meely,80,215
Cliff Pondexter,81,233
Cliff Robinson,81,220
Cliff Williams,75,180
Clifford Lett,75,170
Clifford Ray,81,230
Clifford Robinson,82,225
Clifford Rozier,83,245
Clint McDaniel,76,180
Clint Richardson,75,195
Clinton Smith,78,210
Clinton Wheeler,73,185
Clyde Drexler,79,210
Clyde Lee,82,205
Clyde Lovellette,81,234
Clyde Mayes,80,225
Coby Dietrick,82,220
Coby Karl,77,215
Cody Zeller,84,240
Cole Aldrich,83,245
Conner Henry,79,195
Connie Dierking,81,222
Connie Hawkins,80,210
Connie Norman,75,175
Connie Simmons,80,222
Corey Beck,73,190
Corey Benjamin,78,200
Corey Brewer,81,185
Corey Crowder,77,214
Corey Gaines,75,195
Corey Maggette,78,218
Corey Williams,74,190
Corie Blount,81,240
Corky Calhoun,79,210
Corky Devlin,77,195
Corliss Williamson,79,245
Cornelius Cash,80,215
Cornell Warner,81,220
Corny Thompson,80,225
Corsley Edwards,81,275
Cory Alexander,73,185
Cory Carr,75,210
Cory Higgins,77,180
Cory Joseph,75,185
Cotton Nash,77,215
Courtney Alexander,77,205
Courtney Fortson,71,185
Courtney Lee,77,200
Courtney Sims,82,245
Cozell McQueen,83,235
Craig Brackins,82,230
Craig Dykema,80,190
Craig Ehlo,78,180
Craig Hodges,74,190
Craig Neal,77,165
Craig Raymond,83,235
Craig Shelton,79,210
Craig Smith,79,250
Craig Spitzer,84,225
Cuonzo Martin,77,213
Curtis Borchardt,84,240
Curtis Kitchen,81,235
Curtis Perry,79,220
Curtis Rowe,79,225
Cuttino Mobley,76,190
D.J. Augustin,72,180
D.J. Kennedy,78,215
D.J. Stephens,77,188
D.J. Strawberry,77,201
D.J. White,81,251
DaJuan Summers,80,240
Daequan Cook,77,205
Dahntay Jones,78,210
Dajuan Wagner,74,200
Dale Davis,83,230
Dale Ellis,79,205
Dale Schlueter,82,225
Dalibor Bagaric,85,255
Dallas Comegys,81,205
Damian Lillard,75,195
Damien Wilkins,78,225
Damion James,79,225
Damir Markota,82,225
Damon Jones,75,185
Damon Stoudamire,70,171
Damone Brown,81,200
Dan Anderson,74,185
Dan Dickau,72,190
Dan Gadzuric,83,240
Dan Godfread,82,250
Dan Issel,81,235
Dan King,78,220
Dan Langhi,83,220
Dan Majerle,78,215
Dan McClintock,84,270
Dan O'Sullivan,82,250
Dan Roundfield,80,205
Dan Swartz,76,215
Dan Tieman,72,185
Dana Barros,71,163
Dane Suttle,75,190
Daniel Ewing,75,185
Daniel Gibson,74,190
Daniel Orton,82,255
Daniel Santiago,85,256
Danilo Gallinari,82,225
Danny Ainge,76,175
Danny Doyle,80,200
Danny Ferry,82,230
Danny Finn,73,185
Danny Fortson,79,260
Danny Granger,80,225
Danny Green,78,210
Danny Manning,82,230
Danny Schayes,83,235
Danny Vranes,79,210
Danny Young,75,175
Dante Cunningham,80,230
Darington Hobson,79,210
Darius Johnson-Odom,74,215
Darius Miles,81,210
Darius Miller,80,235
Darius Morris,76,190
Darius Songaila,81,248
Darius Washington,74,195
Darko Milicic,84,250
Darnell Hillman,81,215
Darnell Jackson,81,253
Darnell Mee,77,175
Darnell Valentine,73,183
Darrall Imhoff,82,220
Darrell Allums,81,220
Darrell Armstrong,72,170
Darrell Arthur,81,225
Darrell Elston,76,190
Darrell Griffith,76,190
Darrell Lockhart,81,245
Darrell Walker,76,180
Darren Collison,72,160
Darren Daye,80,220
Darren Morningstar,82,235
Darren Tillis,83,215
Darrick Martin,71,170
Darrin Hancock,79,205
Darryl Dawkins,83,251
Darryl Johnson,73,170
Darryl Watkins,83,258
Darvin Ham,79,220
Darwin Cook,75,184
Dave Batton,82,240
Dave Bing,75,180
Dave Britton,76,180
Dave Budd,78,205
Dave Corzine,83,250
Dave Cowens,81,230
Dave DeBusschere,78,220
Dave Deutsch,73,170
Dave Fedor,78,190
Dave Feitl,83,235
Dave Gambee,78,215
Dave Greenwood,81,222
Dave Gunther,79,190
Dave Henderson,77,195
Dave Hoppen,83,235
Dave Jamerson,77,190
Dave Johnson,79,210
Dave Lattin,78,225
Dave Magley,80,202
Dave Meyers,80,215
Dave Newmark,84,240
Dave Piontek,78,230
Dave Popson,82,220
Dave Robisch,82,235
Dave Schellhase,75,205
Dave Scholz,80,220
Dave Sorenson,80,225
Dave Stallworth,79,200
Dave Twardzik,73,175
Dave Wohl,74,185
Dave Zeller,73,175
David Andersen,83,245
David Benoit,80,220
David Burns,74,180
David Cooke,80,230
David Harrison,84,280
David Lee,81,249
David Noel,78,230
David Pope,79,220
David Rivers,72,170
David Robinson,85,235
David Thirdkill,79,195
David Thompson,76,195
David Vanterpool,77,200
David Vaughn,81,240
David Wesley,72,190
David West,81,240
David Wingate,77,185
David Wood,81,227
DeAndre Jordan,83,250
DeAndre Liggins,78,209
DeJuan Blair,79,265
DeJuan Wheat,72,165
DeMar DeRozan,79,220
DeMarco Johnson,81,245
DeMarcus Cousins,83,270
DeMarcus Nelson,76,200
DeMarre Carroll,80,212
DeQuan Jones,80,221
DeSagana Diop,84,300
DeShawn Stevenson,77,210
DeWayne Scales,80,208
Dean Garrett,82,225
Dean Meminger,72,175
Dean Oliver,71,180
Dean Tolson,80,190
Dedric Willoughby,75,180
Dee Brown,72,185
Dee Brown,73,160
Del Beshore,71,165
Delaney Rudd,74,180
Dell Curry,76,190
Dell Demps,75,205
Delonte West,76,180
Demetris Nichols,80,216
Deng Gai,81,250
Dennis Awtrey,82,235
Dennis Bell,77,185
Dennis Boyd,73,175
Dennis DuVal,75,175
Dennis Hamilton,80,210
Dennis Hopson,77,200
Dennis Horner,81,230
Dennis Johnson,76,185
Dennis Nutt,74,170
Dennis Rodman,79,210
Dennis SchrÌ¦der,73,168
Dennis Scott,80,229
Dennis Stewart,78,220
DerMarr Johnson,81,201
Derek Anderson,77,194
Derek Fisher,73,200
Derek Grimm,81,230
Derek Harper,76,185
Derek Hood,80,222
Derek Smith,78,205
Derek Strong,80,220
Deron Williams,75,210
Derrek Dickey,79,218
Derrick Alston,83,225
Derrick Brown,79,225
Derrick Byars,79,220
Derrick Caracter,81,275
Derrick Chievous,79,195
Derrick Coleman,82,230
Derrick Dial,76,184
Derrick Favors,82,246
Derrick Gervin,80,200
Derrick McKey,81,205
Derrick Phelps,76,181
Derrick Rose,75,190
Derrick Rowland,77,195
Derrick Williams,80,241
Derrick Zimmerman,75,195
Desmon Farmer,77,220
Desmond Ferguson,79,203
Desmond Mason,79,224
Desmond Penigar,79,245
Detlef Schrempf,81,214
Devean George,80,220
Devin Brown,77,220
Devin Durrant,79,200
Devin Ebanks,81,215
Devin Gray,79,240
Devin Green,79,210
Devin Harris,75,185
Dewayne Dedmon,84,255
Dexter Boney,76,185
Dexter Cambridge,79,224
Dexter Pittman,83,308
Dexter Shouse,74,200
Diante Garrett,76,190
Dick Atha,74,190
Dick Barnett,76,190
Dick Cunningham,82,245
Dick Duckett,73,185
Dick Farley,76,190
Dick Garmaker,75,200
Dick Garrett,75,185
Dick Gibbs,77,210
Dick Hemric,78,220
Dick McGuire,72,180
Dick Miller,78,215
Dick Ricketts,79,215
Dick Rosenthal,77,205
Dick Schnittker,77,200
Dick Snyder,77,207
Dick Van Arsdale,77,210
Dickey Simpkins,81,248
Didier Ilunga-Mbenga,84,245
Dijon Thompson,79,195
Dikembe Mutombo,86,245
Dino Radja,83,225
Dion Glover,77,228
Dion Waiters,76,210
Dionte Christmas,77,205
Dirk Minniefield,75,180
Dirk Nowitzki,84,237
Doc Rivers,76,185
Dolph Schayes,79,195
Dominic McGuire,81,220
Dominic Pressley,74,170
Dominique Jones,76,215
Dominique Wilkins,79,200
Don Adams,78,210
Don Anielak,79,190
Don Barksdale,78,200
Don Bielke,79,240
Don Buse,76,190
Don Chaney,77,210
Don Collins,78,190
Don Ford,81,215
Don Henriksen,79,225
Don Kojis,77,215
Don MacLean,82,235
Don May,76,200
Don Nelson,78,210
Don Ohl,75,190
Don Reid,80,250
Don Savage,75,205
Don Smith,72,160
Don Sunderlage,73,180
Donald Hodge,84,230
Donald Royal,80,210
Donald Sloan,75,205
Donald Whiteside,70,160
Donatas Motiejunas,84,222
Donell Taylor,78,180
Donnell Harvey,80,220
Donnie Boyce,77,196
Donnie Butcher,74,200
Donnie Freeman,75,185
Donny Marshall,79,230
Donta Smith,79,215
Dontae' Jones,80,220
Donte Greene,83,226
Dontell Jefferson,77,195
Dontonio Wingfield,80,256
Donyell Marshall,81,218
Dorell Wright,79,200
Dorie Murrey,80,215
Doron Lamb,76,210
Doug Bolstorff,76,195
Doug Christie,78,200
Doug Collins,78,180
Doug Edwards,79,220
Doug Kistler,81,210
Doug Lee,77,200
Doug Overton,75,190
Doug Roth,83,255
Doug Sims,79,195
Doug Smith,82,220
Doug West,78,200
Dragan Tarlac,82,260
Draymond Green,79,230
Drazen Petrovic,77,195
Drew Barry,77,191
Drew Gooden,82,230
Duane Causwell,84,240
Duane Cooper,73,185
Duane Ferrell,79,209
Duane Washington,76,195
Duck Williams,74,180
Dudley Bradley,78,195
Dwayne Jones,83,250
Dwayne McClain,78,185
Dwayne Morton,79,195
Dwayne Polee,77,180
Dwayne Schintzius,85,260
Dwayne Whitfield,81,240
Dwight Anderson,75,185
Dwight Buycks,75,190
Dwight Davis,80,220
Dwight Howard,83,240
Dwight Jones,82,210
Dwight Waller,78,220
Dwyane Wade,76,212
Dyron Nix,79,210
E'Twaun Moore,76,191
E.C. Coleman,80,225
Earl Barron,84,245
Earl Boykins,65,135
Earl Clark,82,225
Earl Cureton,81,210
Earl Evans,80,202
Earl Jones,84,210
Earl Lloyd,77,200
Earl Monroe,75,185
Earl Tatum,77,185
Earl Watson,73,195
Earl Williams,79,230
Earnie Killum,75,180
Ed Biedenbach,73,175
Ed Burton,78,225
Ed Conlin,77,200
Ed Davis,82,225
Ed Fleming,75,189
Ed Gray,75,210
Ed Horton,80,230
Ed Kalafat,78,245
Ed Macauley,80,185
Ed Manning,79,210
Ed Nealy,79,238
Ed O'Bannon,80,222
Ed Pinckney,81,195
Ed Rains,79,190
Ed Ratleff,78,195
Ed Searcy,78,210
Ed Sherod,74,170
Ed Stokes,84,264
Eddie Basden,77,215
Eddie Gill,72,190
Eddie Griffin,82,220
Eddie House,73,180
Eddie Hughes,70,165
Eddie Johnson,74,180
Eddie Johnson,79,215
Eddie Jones,78,190
Eddie Jordan,73,170
Eddie Lee Wilkins,82,220
Eddie Mast,81,220
Eddie Miles,76,195
Eddie Owens,79,210
Eddie Phillips,79,225
Eddie Robinson,80,210
Eddy Curry,84,295
Edgar Jones,82,225
Edmund Lawrence,84,228
Eduardo Najera,80,240
Edwin Ubiles,78,204
Efthimi Rentzias,83,250
Ekpe Udoh,82,240
Elden Campbell,83,215
Eldridge Recasner,75,190
Elgin Baylor,77,225
Elias Harris,80,239
Elliot Perry,72,150
Elliot Williams,77,180
Elmer Bennett,72,170
Elmore Smith,84,250
Elmore Spencer,84,270
Elston Turner,77,190
Elton Brand,80,275
Elvin Hayes,81,235
Em Bryant,73,175
Emanual Davis,76,195
Emeka Okafor,82,252
Enes Kanter,83,262
Ennis Whatley,75,177
Eric Anderson,81,220
Eric Bledsoe,73,190
Eric Dawson,81,250
Eric Fernsten,82,205
Eric Gordon,76,215
Eric Johnson,74,205
Eric Leckner,83,265
Eric Maynor,75,175
Eric McWilliams,80,200
Eric Mobley,83,235
Eric Money,72,170
Eric Montross,84,270
Eric Murdock,73,190
Eric Piatkowski,79,215
Eric Riley,84,245
Eric Snow,75,190
Eric Washington,76,190
Eric White,80,200
Eric Williams,80,220
Erick Barkley,73,177
Erick Dampier,83,265
Erick Strickland,75,210
Erik Daniels,80,214
Erik Murphy,82,230
Ernest Brown,84,244
Ernie Barrett,75,180
Ernie Beck,76,190
Ernie DiGregorio,72,180
Ernie Grunfeld,78,210
Ernie Vandeweghe,75,195
Ersan Ilyasova,81,235
Ervin Johnson,83,245
Erwin Mueller,80,230
Essie Hollis,78,195
Esteban Batista,82,270
Etan Thomas,81,256
Etdrick Bohannon,81,220
Eugene Jeter,71,175
Evan Eschmeyer,83,255
Evan Fournier,78,190
Evan Turner,79,205
Everette Stephens,74,175
Evers Burns,80,260
Evric Gray,79,235
Fab Melo,84,255
Fabricio Oberto,82,245
Fat Lever,75,170
Fatty Taylor,72,175
Felipe Lopez,77,199
Felton Spencer,84,265
Fennis Dembo,77,215
Fernando Martin,81,220
Festus Ezeli,83,255
Flynn Robinson,73,185
Foots Walker,72,172
Forest Able,75,180
Forrest McKenzie,79,200
Francisco Elson,84,235
Francisco Garcia,79,195
Frank Brickowski,81,240
Frank Johnson,73,185
Frank Kendrick,78,198
Frank Kornet,81,225
Frank Oleynick,74,185
Frank Radovich,80,235
Frank Ramsey,75,190
Frank Russell,75,180
Frank Schade,73,170
Frank Selvy,75,180
Frank Williams,75,212
Frankie Brian,73,180
Frankie King,73,185
Frankie Sanders,78,200
Franklin Edwards,73,170
Fred Brown,75,182
Fred Carter,75,185
Fred Christ,76,210
Fred Cofield,75,190
Fred Diute,75,210
Fred Foster,77,210
Fred Hetzel,80,220
Fred Hilton,75,185
Fred Hoiberg,76,203
Fred Jones,76,210
Fred LaCour,77,210
Fred Roberts,82,218
Fred Saunders,79,210
Fred Scolari,70,180
Fred Taylor,77,180
Fred Vinson,76,190
Freddie Boyd,74,180
Freddie Crawford,76,189
Freddie Lewis,72,175
Freeman Williams,76,190
Gabe Pruitt,76,170
Gail Goodrich,73,170
Gal Mekel,75,191
Gani Lawal,81,234
Gar Heard,78,219
Garfield Smith,81,235
Garret Siler,83,305
Garrett Temple,78,190
Garry Witts,79,190
Garth Joseph,86,315
Gary Alcorn,81,225
Gary Alexander,79,240
Gary Bergen,80,210
Gary Bradds,80,210
Gary Brokaw,76,178
Gary Forbes,79,220
Gary Freeman,81,210
Gary Garland,76,180
Gary Grant,75,185
Gary Gray,73,185
Gary Gregor,79,225
Gary Hill,76,185
Gary Leonard,85,250
Gary Melchionni,74,185
Gary Neal,76,210
Gary Payton,76,180
Gary Phillips,75,189
Gary Plummer,81,215
Gary Suiter,81,225
Gary Trent,80,250
Gary Voce,81,240
Gary Zeller,75,205
Gaylon Nickerson,75,190
Geert Hammink,84,262
Gene Banks,79,215
Gene Conley,80,225
Gene Guarilia,77,220
Gene Short,78,200
Gene Shue,74,170
Gene Tormohlen,80,230
Gene Wiley,82,210
Geno Carlisle,75,180
Geoff Crompton,83,280
Geoff Huston,74,175
Geoff Petrie,76,190
George Blaney,73,175
George Bon Salle,80,220
George Brown,78,190
George Carter,76,210
George Dempsey,74,190
George Gervin,79,180
George Hill,74,180
George Johnson,79,210
George Johnson,83,205
George Johnson,83,245
George Karl,74,185
George King,72,175
George Lee,76,200
George Lehmann,72,180
George Lynch,80,218
George McCloud,78,205
George McGinnis,80,235
George Mikan,82,245
George Patterson,80,230
George Ratkovicz,78,220
George Reynolds,76,195
George Thompson,74,200
George Trapp,80,205
George Wilson,80,225
George Yardley,77,190
George Zidek,84,250
Georgi Glouchkov,80,235
Gerald Brown,76,210
Gerald Fitch,75,188
Gerald Glass,77,221
Gerald Green,80,200
Gerald Henderson,74,175
Gerald Henderson,77,215
Gerald Madkins,76,200
Gerald Paddio,79,205
Gerald Wallace,79,215
Gerald Wilkins,78,185
Gerard King,81,230
Gerry Ward,76,195
Gheorghe Muresan,91,303
Giannis Antetokounmpo,81,210
Gil McGregor,80,240
Gilbert Arenas,75,191
Glen Davis,81,289
Glen Gondrezick,78,218
Glen Rice,78,206
Glen Rice,79,215
Glenn Hagan,72,170
Glenn Hansen,76,205
Glenn McDonald,78,190
Glenn Mosley,80,195
Glenn Robinson,79,225
God Shammgod,72,169
Goo Kennedy,77,205
Goran Dragic,76,180
Gordan Giricek,78,210
Gordon Hayward,80,207
Gorgui Dieng,83,245
Grady O'Malley,77,205
Grant Gondrezick,77,205
Grant Hill,80,225
Grant Long,80,225
Granville Waiters,83,225
Greg Anderson,82,230
Greg Anthony,72,176
Greg Ballard,79,215
Greg Buckner,76,210
Greg Bunch,78,190
Greg Butler,83,240
Greg Deane,76,190
Greg Dreiling,85,250
Greg Fillmore,85,240
Greg Foster,83,240
Greg Graham,76,174
Greg Grant,67,140
Greg Griffin,79,190
Greg Howard,81,215
Greg Hyder,78,215
Greg Jackson,72,180
Greg Kelser,79,190
Greg Kite,83,250
Greg Lee,75,190
Greg Minor,78,210
Greg Monroe,83,253
Greg Oden,84,250
Greg Ostertag,86,280
Greg Smith,77,195
Greg Smith,82,250
Greg Stiemsma,83,260
Greg Stokes,82,220
Greg Sutton,74,170
Greivis Vasquez,78,200
Guillermo Diaz,74,192
Gundars Vetra,78,195
Gus Bailey,77,185
Gus Gerard,80,200
Gus Johnson,78,230
Gus Williams,74,175
Gustavo Ayon,82,250
Guy Morgan,80,205
Guy Rodgers,72,185
Guy Rucker,83,265
Guy Sparrow,78,218
Guy Williams,81,200
Ha Seung-Jin,87,305
Hakeem Olajuwon,84,255
Hakim Warrick,81,219
Hal Greer,74,175
Hal Lear,72,163
Hamady N'Diaye,84,235
Hamed Haddadi,86,254
Hank Finkel,84,240
Hank McDowell,81,215
Hanno Mottola,83,247
Happy Hairston,79,225
Harold Ellis,77,200
Harold Fox,74,175
Harold Jamison,80,260
Harold Keeling,76,185
Harold Miner,77,210
Harold Pressley,79,210
Harrison Barnes,80,210
Harry Barnes,75,205
Harry Davis,79,220
Harry Gallatin,78,210
Harthorne Wingo,78,210
Harvey Catchings,81,218
Harvey Grant,80,195
Harvey Marlatt,75,185
Hasheem Thabeet,87,263
Hassan Adams,76,220
Hassan Whiteside,84,235
Hawkeye Whitney,77,235
Haywoode Workman,74,180
Hedo Turkoglu,82,220
Henry Akin,82,225
Henry Bibby,73,185
Henry Dickerson,76,190
Henry James,80,220
Henry Sims,82,245
Henry Turner,79,200
Henry Ward,76,195
Herb White,74,195
Herb Williams,82,242
Herm Gilliam,75,190
Herm Hedderick,77,170
Hersey Hawkins,75,190
Hilton Armstrong,83,235
Hiram Fuller,81,240
Hollis Copeland,78,180
Hollis Thompson,80,206
Horace Grant,82,215
Horace Jenkins,73,180
Horace Walker,75,210
Horacio Llamas Grey,83,285
Hot Rod Hundley,76,185
Hot Rod Williams,83,215
Howard Carter,77,215
Howard Eisley,74,177
Howard Komives,73,185
Howard Nathan,71,175
Howard Porter,80,220
Howard Wood,79,235
Howard Wright,80,220
Howie Carl,69,160
Howie Jolliff,79,218
Howie Montgomery,77,220
Hub Reed,81,215
Hubert Davis,77,183
Hubie White,76,205
Hutch Jones,80,190
Ian Clark,75,175
Ian Lockhart,80,240
Ian Mahinmi,83,230
Ibo Kutluay,78,200
Igor Rakocevic,75,183
Ike Diogu,80,250
Iman Shumpert,77,212
Ime Udoka,78,215
Ira Bowman,77,195
Ira Newble,79,220
Ira Terrell,80,200
Irv Bemoras,75,185
Irv Kiffin,81,225
Irving Thomas,80,225
Isaac Austin,82,255
Isaac Fontaine,76,210
Isaiah Canaan,72,188
Isaiah Morris,80,229
Isaiah Rider,77,215
Isaiah Thomas,69,185
Isaiah Wilson,74,175
Ishmael Smith,72,175
Isiah Thomas,73,180
Ivan Johnson,80,230
Ivan McFarlin,80,240
Ivano Newbill,81,245
J.J. Anderson,80,195
J.J. Hickson,81,242
J.J. Redick,76,190
J.R. Bremer,74,185
J.R. Giddens,77,215
J.R. Henderson,80,226
J.R. Reid,81,247
J.R. Smith,78,220
JaJuan Johnson,82,221
JaVale McGee,84,237
Jabari Smith,83,250
Jack Coleman,79,195
Jack Foley,75,170
Jack George,74,190
Jack Givens,77,205
Jack Haley,82,240
Jack Marin,79,200
Jack McMahon,73,185
Jack Nichols,79,222
Jack Parr,81,220
Jack Sikma,83,230
Jack Stephens,75,185
Jack Turner,76,170
Jack Turner,77,200
Jack Twyman,78,210
Jackie Butler,82,250
Jackie Dinkins,77,210
Jackie Moore,77,180
Jackie Moreland,79,215
Jackie Ridgle,76,195
Jackie Robinson,78,210
Jackson Vroman,82,220
Jacky Dorsey,79,230
Jacque Vaughn,73,190
Jae Crowder,79,240
Jahidi White,81,290
Jake Ford,75,180
Jake Jones,75,180
Jake Tsakalidis,86,285
Jake Voskuhl,83,245
Jalen Rose,80,210
Jamaal Franklin,77,191
Jamaal Magloire,83,259
Jamaal Tinsley,75,195
Jamaal Wilkes,78,190
Jamal Crawford,78,185
Jamal Mashburn,80,240
Jamal Robinson,79,212
Jamal Sampson,83,235
Jamario Moon,80,205
Jameer Nelson,72,190
Jamel Thomas,78,215
James Anderson,78,215
James Augustine,82,235
James Bailey,81,220
James Blackwell,72,190
James Collins,76,196
James Cotton,77,220
James Donaldson,86,275
James Edwards,84,225
James Harden,77,220
James Hardy,80,220
James Johnson,81,245
James Jones,80,225
James Lang,82,285
James Nunnally,79,205
James Posey,80,215
James Ray,80,215
James Robinson,74,180
James Scott,78,180
James Silas,73,180
James Singleton,80,216
James Southerland,80,215
James Thomas,80,235
James White,79,200
James Wilkes,79,195
James Worthy,81,225
JamesOn Curry,75,190
Jamie Feick,81,255
Jamie Waller,76,215
Jamie Watson,79,190
Jamison Brewer,76,184
Jan Van Breda Kolff,79,195
Jan Vesely,83,240
Jannero Pargo,73,175
Jared Cunningham,76,194
Jared Dudley,79,225
Jared Jeffries,83,230
Jared Reiner,83,255
Jared Sullinger,81,280
Jaren Jackson,76,190
Jarrett Jack,75,202
Jarron Collins,83,255
Jarvis Hayes,79,220
Jarvis Varnado,81,230
Jason Caffey,80,255
Jason Collier,84,260
Jason Collins,84,255
Jason Hart,75,185
Jason Kapono,80,213
Jason Kidd,76,205
Jason Lawson,83,240
Jason Maxiell,79,260
Jason Miskiri,74,175
Jason Richardson,78,220
Jason Sasser,79,225
Jason Smith,84,240
Jason Terry,74,176
Jason Thompson,83,250
Jason Williams,73,190
Javaris Crittenton,77,200
Jawad Williams,81,218
Jawann Oldham,84,215
Jay Arnette,74,175
Jay Carty,80,220
Jay Edwards,76,185
Jay Guidinger,82,255
Jay Humphries,75,185
Jay Miller,77,205
Jay Murphy,81,220
Jay Taylor,75,190
Jay Vincent,79,220
Jay Williams,74,195
Jayson Williams,81,240
Jeff Adrien,79,243
Jeff Ayres,81,240
Jeff Cook,82,215
Jeff Cross,82,240
Jeff Foote,84,265
Jeff Foster,83,236
Jeff Grayer,77,200
Jeff Green,81,235
Jeff Halliburton,77,193
Jeff Hornacek,75,190
Jeff Judkins,78,185
Jeff Lamp,78,195
Jeff Lebo,74,180
Jeff Malone,76,205
Jeff Martin,77,195
Jeff McInnis,76,190
Jeff Mullins,76,190
Jeff Nordgaard,79,225
Jeff Ruland,82,240
Jeff Sanders,80,225
Jeff Slade,78,220
Jeff Taylor,76,175
Jeff Taylor,79,225
Jeff Teague,74,180
Jeff Trepagnier,76,200
Jeff Turner,81,230
Jeff Webb,76,170
Jeff Webster,80,232
Jeff Wilkins,83,230
Jeff Withey,84,235
Jeffrey Sheppard,75,190
Jelani McCoy,82,245
Jerald Honeycutt,81,245
Jeremy Evans,81,196
Jeremy Lamb,77,180
Jeremy Lin,75,200
Jeremy Pargo,74,219
Jeremy Richardson,78,185
Jeremy Tyler,82,260
Jermaine Jackson,76,204
Jermaine O'Neal,83,226
Jermaine Taylor,76,210
Jermareo Davidson,82,230
Jerome Allen,76,184
Jerome Anderson,77,195
Jerome Beasley,82,237
Jerome Dyson,75,180
Jerome Harmon,76,190
Jerome Henderson,83,230
Jerome James,84,300
Jerome Jordan,84,253
Jerome Kersey,79,215
Jerome Lane,78,230
Jerome Moiso,82,235
Jerome Whitehead,82,220
Jerome Williams,81,206
Jerrod Mustaf,82,238
Jerry Baskerville,79,190
Jerry Bird,78,210
Jerry Chambers,77,185
Jerry Eaves,76,180
Jerry Greenspan,77,195
Jerry Grote,76,215
Jerry Harkness,74,175
Jerry Lucas,80,230
Jerry Paulson,74,185
Jerry Reynolds,80,200
Jerry Sichting,73,168
Jerry Sloan,77,195
Jerry Smith,74,190
Jerry Stackhouse,78,218
Jerry West,74,175
Jerryd Bayless,75,200
Jeryl Sasser,78,200
Jesse Arnelle,77,220
Jesse Branson,79,195
Jesse Dark,77,210
Jim Ard,80,215
Jim Baechtold,76,205
Jim Barnes,80,210
Jim Barnett,76,170
Jim Bostic,79,225
Jim Brewer,81,210
Jim Brogan,76,185
Jim Burns,75,195
Jim Caldwell,82,240
Jim Chones,83,220
Jim Cleamons,75,185
Jim Creighton,80,200
Jim Davis,81,225
Jim Eakins,83,215
Jim Farmer,76,190
Jim Fox,82,230
Jim Fritsche,80,210
Jim Garvin,79,200
Jim Grandholm,84,235
Jim Holstein,75,180
Jim Jackson,78,220
Jim Johnstone,83,245
Jim King,74,175
Jim Krebs,80,230
Jim Lampley,82,230
Jim Les,71,165
Jim Loscutoff,77,220
Jim Marsh,79,215
Jim McDaniels,83,228
Jim McElroy,75,190
Jim McIlvaine,85,240
Jim McMillian,77,215
Jim Neal,83,235
Jim Owens,77,200
Jim Palmer,80,224
Jim Paxson,78,200
Jim Petersen,82,235
Jim Pollard,76,185
Jim Price,75,195
Jim Ray,73,180
Jim Reid,78,210
Jim Rowinski,80,250
Jim Smith,81,225
Jim Spanarkel,77,190
Jim Thomas,75,190
Jim Tucker,79,185
Jim Walsh,76,195
Jim Ware,79,210
Jim Washington,78,210
Jim Zoet,85,240
Jimmer Fredette,74,195
Jimmy Butler,79,220
Jimmy Carruth,82,265
Jimmy Collins,74,175
Jimmy Darrow,70,170
Jimmy Jones,76,188
Jimmy King,77,210
Jimmy Oliver,77,205
Jimmy Walker,75,195
Jiri Welsch,79,208
Jo Jo English,76,195
Jo Jo White,75,190
Joakim Noah,83,232
Joby Wright,80,220
Jodie Meeks,76,208
Joe Alexander,80,230
Joe Arlauckas,81,230
Joe Barry Carroll,84,225
Joe Binion,80,235
Joe Bryant,81,185
Joe Buckhalter,79,210
Joe Caldwell,77,195
Joe Cooke,75,175
Joe Cooper,82,230
Joe Courtney,80,235
Joe Crawford,77,210
Joe Crispin,72,185
Joe Dumars,75,190
Joe Ellis,78,175
Joe Graboski,79,195
Joe Hassett,77,180
Joe Holup,78,215
Joe Johnson,80,225
Joe Kennedy,78,210
Joe Kleine,83,255
Joe Kopicki,81,240
Joe Meriweather,82,215
Joe Pace,82,220
Joe Reaves,77,210
Joe Roberts,78,214
Joe Ruklick,81,220
Joe Smith,82,225
Joe Stephens,79,210
Joe Strawder,82,235
Joe Thomas,78,205
Joe Wolf,83,230
Joel Anthony,81,245
Joel Freeland,82,250
Joel Kramer,79,203
Joel Przybilla,85,255
Joey Dorsey,80,268
Joey Graham,79,225
Johan Petro,84,247
John Amaechi,82,270
John Arthurs,76,185
John Bagley,72,185
John Barber,78,210
John Barnhill,73,180
John Battle,74,175
John Block,81,207
John Brisker,77,210
John Brown,79,220
John Celestand,76,178
John Coker,84,253
John Coughran,79,225
John Crotty,73,185
John Douglas,74,170
John Drew,78,205
John Duren,75,195
John Edwards,84,275
John Fairchild,80,205
John Garris,80,205
John Gianelli,82,220
John Greig,79,215
John Havlicek,77,203
John Henson,83,220
John Hummer,81,230
John Jenkins,76,215
John Johnson,79,200
John Kuester,74,180
John Lambert,82,225
John Laskowski,78,185
John Long,77,195
John Lucas,71,165
John Lucas,75,175
John McCullough,76,190
John Mengelt,74,195
John Morton,75,180
John Olive,79,210
John Paxson,74,185
John Pinone,80,230
John Richter,81,225
John Roche,75,170
John Rudd,79,230
John Rudometkin,78,205
John Salley,83,230
John Salmons,79,210
John Schweitz,78,210
John Shasky,83,235
John Shumate,81,235
John Starks,75,180
John Stockton,73,170
John Stroeder,82,260
John Stroud,79,215
John Thomas,81,265
John Thompson,82,225
John Trapp,79,210
John Tresvant,79,215
John Tschogl,78,206
John Vallely,75,185
John Wall,76,195
John Wallace,80,225
John Warren,75,180
John Wetzel,77,190
John Williams,80,235
John Williamson,74,185
John Windsor,80,215
Johnny Austin,72,170
Johnny Baum,77,200
Johnny Cox,76,180
Johnny Davis,74,170
Johnny Dawkins,74,165
Johnny Egan,71,180
Johnny Green,77,200
Johnny High,75,185
Johnny Horan,80,190
Johnny Jones,79,205
Johnny McCarthy,73,185
Johnny Moore,73,175
Johnny Neumann,78,200
Johnny Newman,79,190
Johnny Rogers,82,225
Johnny Taylor,81,220
Jon Barry,76,195
Jon Brockman,79,255
Jon Koncak,84,250
Jon Leuer,82,228
Jon McGlocklin,77,205
Jon Sundvold,74,170
Jonas Jerebko,82,231
Jonas Valanciunas,83,231
Jonathan Bender,83,202
Jonathan Kerner,83,245
Jonny Flynn,72,185
Jordan Crawford,76,195
Jordan Farmar,74,180
Jordan Hamilton,79,220
Jordan Hill,82,235
Jordan Williams,82,260
Jorge Garbajosa,81,245
Jorge Gutierrez,75,191
Jose Barea,72,175
Jose Calderon,75,210
Jose Ortiz,82,225
Jose Slaughter,77,205
Joseph Forte,76,194
Josh Akognon,71,185
Josh Boone,82,237
Josh Childress,80,210
Josh Davis,80,235
Josh Grant,81,223
Josh Harrellson,82,275
Josh Howard,79,210
Josh McRoberts,82,240
Josh Powell,81,225
Josh Selby,74,183
Josh Smith,81,225
Jrue Holiday,75,180
Juan Carlos Navarro,75,170
Juan Dixon,75,164
Juaquin Hawkins,79,220
Jud Buechler,78,220
Julian Wright,80,225
Julius Erving,78,200
Julius Hodge,79,210
Julius Nwosu,82,255
Julyan Stone,78,200
Jumaine Jones,80,218
Junior Bridgeman,77,210
Junior Burrough,80,242
Junior Harrington,76,180
Justin Dentmon,71,185
Justin Hamilton,84,260
Justin Harper,82,225
Justin Holiday,78,185
Justin Reed,80,240
Justin Williams,82,225
Justus Thigpen,73,160
Juwan Howard,81,240
K.C. Jones,73,200
Kaniel Dickens,80,215
Kannard Johnson,81,220
Kareem Abdul-Jabbar,86,225
Kareem Rush,78,215
Karl Malone,81,250
Kasib Powell,79,215
Kawhi Leonard,79,225
Kebu Stewart,80,239
Kedrick Brown,79,222
Keith Askins,79,197
Keith Benson,83,230
Keith Bogans,77,215
Keith Booth,78,226
Keith Closs,87,212
Keith Edmonson,77,195
Keith Erickson,77,195
Keith Herron,78,195
Keith Jennings,67,160
Keith Langford,76,215
Keith Lee,82,215
Keith McCord,79,210
Keith McLeod,74,188
Keith Smart,73,175
Keith Smith,75,180
Keith Starr,78,190
Keith Tower,83,250
Keith Van Horn,82,220
Kelenna Azubuike,77,220
Kelly McCarty,79,200
Kelly Olynyk,84,238
Kelly Tripucka,78,220
Kelvin Cato,83,255
Kelvin Ransey,73,170
Kelvin Upshaw,74,180
Kemba Walker,73,172
Ken Austin,81,205
Ken Bannister,81,235
Ken Boyd,77,195
Ken Charles,75,180
Ken Durrett,79,190
Ken Green,80,215
Ken Johnson,80,240
Ken Johnson,83,240
Ken Mayfield,74,185
Ken McBride,75,190
Ken Murray,74,190
Ken Norman,80,215
Ken Rohloff,72,195
Ken Wilburn,78,195
Kendall Gill,77,195
Kendall Marshall,76,195
Kendrick Perkins,82,280
Kennard Winchester,77,210
Kenneth Faried,80,228
Kenny Anderson,72,168
Kenny Battle,78,210
Kenny Carr,79,220
Kenny Dennard,80,220
Kenny Fields,77,220
Kenny Gattison,80,225
Kenny Green,78,210
Kenny Higgs,72,180
Kenny McIntosh,79,225
Kenny Natt,75,185
Kenny Payne,80,195
Kenny Satterfield,74,186
Kenny Sears,81,198
Kenny Smith,75,170
Kenny Thomas,79,261
Kenny Walker,80,210
Kenny Williams,81,205
Kent Bazemore,77,201
Kent Benson,82,235
Kentavious Caldwell-Pope,77,205
Kenyon Martin,81,234
Keon Clark,83,220
Kermit Washington,80,230
Kerry Kittles,77,179
Kevin Brooks,78,200
Kevin Burleson,75,205
Kevin Duckworth,84,275
Kevin Durant,81,215
Kevin Edwards,75,190
Kevin Gamble,77,210
Kevin Garnett,83,220
Kevin Grevey,77,210
Kevin Henderson,76,195
Kevin Johnson,73,180
Kevin Jones,80,251
Kevin Kunnert,84,230
Kevin Loder,78,205
Kevin Loughery,75,190
Kevin Love,82,260
Kevin Lynch,77,195
Kevin Martin,79,185
Kevin McHale,82,210
Kevin McKenna,77,195
Kevin Murphy,78,185
Kevin Ollie,76,195
Kevin Porter,72,170
Kevin Pritchard,75,180
Kevin Restani,81,225
Kevin Salvadori,84,231
Kevin Seraphin,81,264
Kevin Stacom,75,185
Kevin Thompson,83,260
Kevin Williams,74,175
Kevin Willis,84,220
Kevinn Pinkney,82,245
Keyon Dooling,75,196
Khalid El-Amin,70,200
Khalid Reeves,75,199
Khris Middleton,79,215
Kiki Vandeweghe,80,220
Kim Anderson,79,200
Kim English,78,200
Kim Hughes,83,220
Kirk Haston,81,242
Kirk Hinrich,75,190
Kirk Penney,77,220
Kirk Snyder,78,225
Kiwane Garris,74,183
Klay Thompson,79,205
Kobe Bryant,78,200
Korleone Young,79,213
Kornel David,81,235
Kosta Koufos,84,265
Kosta Perovic,86,240
Kris Humphries,81,235
Kris Joseph,79,210
Kurk Lee,75,190
Kurt Nimphius,82,218
Kurt Rambis,80,213
Kurt Thomas,81,230
Kwame Brown,83,270
Kyle Korver,79,210
Kyle Lowry,72,175
Kyle Macy,75,175
Kyle O'Quinn,82,240
Kyle Singler,80,230
Kyle Weaver,78,201
Kyrie Irving,74,180
Kyrylo Fesenko,85,288
LaBradford Smith,75,200
LaMarcus Aldridge,83,240
LaMark Baker,73,175
LaPhonso Ellis,80,240
LaRue Martin,83,208
LaSalle Thompson,82,245
Lamar Green,79,210
Lamar Odom,82,220
Lamond Murray,79,236
Lamont Strothers,76,190
Lanard Copeland,78,190
Lancaster Gordon,75,185
Lance Allred,83,250
Lance Blanks,76,190
Lance Stephenson,77,210
Lance Thomas,80,225
Landry Fields,79,210
Lari Ketner,81,277
Laron Profit,77,204
Larry Bird,81,220
Larry Cannon,76,195
Larry Comley,77,210
Larry Costello,73,186
Larry Demic,81,225
Larry Drew,73,170
Larry Fogle,77,205
Larry Foust,81,215
Larry Friend,76,185
Larry Hennessy,75,185
Larry Hughes,77,184
Larry Johnson,75,205
Larry Johnson,78,250
Larry Jones,74,180
Larry Kenon,81,205
Larry Krystkowiak,81,220
Larry McNeill,81,195
Larry Micheaux,81,220
Larry Mikan,79,210
Larry Moffett,80,210
Larry Nance,82,205
Larry Owens,79,210
Larry Robinson,75,180
Larry Sanders,83,235
Larry Siegfried,75,190
Larry Smith,80,215
Larry Spriggs,79,230
Larry Staverman,79,205
Larry Steele,77,180
Larry Stewart,80,220
Larry Sykes,81,255
Larry Wright,73,160
Lars Hansen,82,225
Latrell Sprewell,77,190
Lavor Postell,77,215
Lavoy Allen,81,225
Lawrence Boston,80,225
Lawrence Funderburke,81,230
Lawrence Moten,77,185
Lawrence Roberts,81,240
Lazar Hayward,78,225
Lazaro Borrell,80,220
LeBron James,80,240
LeRon Ellis,81,225
Leandro Barbosa,75,176
Ledell Eackles,77,220
Lee Johnson,83,205
Lee Mayberry,73,172
Lee Nailon,81,238
Lee Shaffer,79,220
Lee Winfield,74,174
Len Chappell,80,240
Len Elmore,81,220
Len Kosmalski,84,245
Lennie Rosenbluth,76,190
Lenny Wilkens,73,180
Leo Rautins,80,215
Leon Benbow,76,185
Leon Douglas,82,230
Leon Powe,80,240
Leon Smith,82,235
Leon Wood,75,185
Leonard Gray,80,240
Leonard Taylor,80,220
Leroy Combs,80,210
Leroy Ellis,82,210
Les Hunter,79,210
Les Jepsen,84,237
Lester Conner,76,180
Lester Hudson,75,190
Levi Fontaine,76,190
Lew Hitch,80,200
Lewis Brown,83,225
Lewis Lloyd,78,205
Linas Kleiza,80,245
Lindsay Hairston,79,180
Lindsey Hunter,74,170
Linton Johnson,80,205
Linton Townes,79,190
Lionel Chalmers,72,180
Lionel Hollins,75,185
Lionel Simmons,79,210
Litterial Green,73,185
Lloyd Daniels,79,205
Lloyd Neal,79,225
Lloyd Walton,72,160
Logan Vander Velden,80,215
Lonnie Shelton,80,240
Lonny Baxter,80,260
Loren Meyer,82,257
Loren Woods,85,245
Lorenzen Wright,83,225
Lorenzo Brown,77,189
Lorenzo Charles,79,225
Lorenzo Romar,73,175
Lorenzo Williams,81,200
Lou Hudson,77,210
Lou Roe,79,220
Lou Tsioropoulos,77,190
Louie Dampier,72,170
Louie Nelson,75,190
Louis Amundson,81,225
Louis Orr,80,175
Louis Williams,74,175
Lowes Moore,73,170
Loy Petersen,77,205
Loy Vaught,81,230
Luc Longley,86,265
Luc Mbah a Moute,80,230
Lucious Harris,77,190
Lucius Allen,74,175
Luigi Datome,80,215
Luis Flores,74,200
Luis Scola,81,245
Luke Babbitt,81,225
Luke Harangody,80,246
Luke Jackson,79,215
Luke Jackson,81,240
Luke Ridnour,74,175
Luke Schenscher,85,255
Luke Walton,80,235
Luke Witte,84,235
Luke Zeller,83,245
Luol Deng,80,220
Luther Green,79,190
Luther Head,75,185
Luther Rackley,82,220
Luther Wright,86,270
Lynn Greer,74,175
M.L. Carr,78,205
Maalik Wayns,74,200
Maceo Baston,81,215
Maciej Lampe,83,275
Mack Calvin,72,165
Magic Johnson,80,215
Mahdi Abdul-Rahman,74,185
Mahmoud Abdul-Rauf,73,162
Major Jones,81,225
Makhtar N'Diaye,80,245
Mal Graham,73,185
Malcolm Lee,77,200
Malcolm Mackey,81,248
Malcolm Thomas,81,225
Malik Allen,82,255
Malik Hairston,78,220
Malik Rose,79,250
Malik Sealy,80,190
Mamadou N'Diaye,84,255
Manny Harris,77,185
Manny Leaks,80,225
Manu Ginobili,78,210
Manute Bol,91,200
MarShon Brooks,77,200
Marc Gasol,85,265
Marc Iavaroni,80,210
Marc Jackson,82,270
Marcin Gortat,83,240
Marco Belinelli,77,192
Marcus Banks,74,200
Marcus Brown,75,185
Marcus Camby,83,220
Marcus Cousin,83,245
Marcus Fizer,81,262
Marcus Haislip,82,230
Marcus Landry,79,230
Marcus Liberty,80,205
Marcus Morris,81,235
Marcus Thornton,76,205
Marcus Vinicius,80,225
Marcus Webb,81,255
Marcus Williams,75,205
Marcus Williams,79,205
Mardy Collins,78,220
Mario Bennett,78,235
Mario Chalmers,73,190
Mario Elie,77,210
Mario Kasun,85,260
Mario West,77,210
Mark Acres,83,220
Mark Aguirre,78,232
Mark Alarie,80,217
Mark Blount,84,230
Mark Bradtke,82,265
Mark Bryant,81,245
Mark Crow,79,210
Mark Davis,78,195
Mark Davis,79,210
Mark Eaton,88,275
Mark Hendrickson,81,220
Mark Jackson,73,180
Mark Jones,73,175
Mark Jones,78,215
Mark Landsberger,80,215
Mark Macon,76,185
Mark Madsen,81,240
Mark McNamara,83,235
Mark Minor,78,215
Mark Olberding,80,225
Mark Pope,82,235
Mark Price,72,170
Mark Radford,76,190
Mark Randall,80,235
Mark Sibley,74,175
Mark Strickland,81,210
Mark Wade,71,160
Mark West,82,230
Markieff Morris,82,245
Marko Jaric,79,198
Marko Milic,78,235
Marlon Garnett,74,186
Marlon Maxey,80,250
Marlon Redmond,78,188
Marques Bragg,80,230
Marques Johnson,79,218
Marquis Daniels,78,200
Marquis Teague,74,189
Marreese Speights,82,245
Marshall Rogers,73,190
Martell Webster,79,210
Martin Lewis,77,210
Martin Muursepp,81,235
Martin Nessley,86,260
Marty Byrnes,79,215
Marty Conlon,82,224
Martynas Andriuskevicius,86,240
Marv Roberts,80,200
Marv Winkler,73,164
Marvin Barnes,80,210
Marvin Webster,85,225
Marvin Williams,81,230
Mason Plumlee,82,235
Mateen Cleaves,74,205
Matt Barnes,79,235
Matt Bonner,82,240
Matt Bullard,82,215
Matt Carroll,78,212
Matt Fish,83,235
Matt Freije,82,240
Matt Geiger,84,243
Matt Guokas,77,175
Matt Harpring,79,231
Matt Maloney,75,192
Matt Othick,74,165
Matt Steigenga,79,225
Matt Walsh,78,205
Matt Wenstrom,85,250
Matthew Dellavedova,76,200
Maurice Ager,77,202
Maurice Baker,73,175
Maurice Carter,77,210
Maurice Cheeks,73,180
Maurice Evans,77,220
Maurice Harkless,80,208
Maurice Lucas,81,215
Maurice Martin,78,200
Maurice Stokes,79,232
Maurice Taylor,81,260
Maury King,74,195
Max Zaslofsky,74,170
McCoy Ingram,80,210
McCoy McLemore,79,230
McKinley Singleton,77,175
Med Park,74,205
Mehmet Okur,83,249
Mel Bennett,79,200
Mel Counts,84,230
Mel Daniels,81,220
Mel Davis,78,220
Mel Gibson,75,180
Mel Hutchins,78,200
Mel McCants,80,240
Mel Nowell,74,170
Mel Peterson,76,185
Melvin Booker,73,185
Melvin Ely,82,260
Melvin Newbern,76,200
Melvin Sanders,77,210
Melvin Turpin,83,240
Mengke Bateer,83,290
Metta World Peace,78,244
Meyers Leonard,85,245
Michael Adams,70,162
Michael Anderson,71,184
Michael Ansley,79,225
Michael Beasley,81,235
Michael Bradley,82,245
Michael Brooks,79,220
Michael Cage,81,224
Michael Carter-Williams,78,185
Michael Cooper,77,170
Michael Curry,77,210
Michael Dickerson,77,190
Michael Doleac,83,262
Michael Finley,79,215
Michael Hawkins,72,178
Michael Jackson,74,183
Michael Jordan,78,195
Michael Kidd-Gilchrist,79,232
Michael McDonald,82,232
Michael Olowokandi,84,269
Michael Phelps,76,180
Michael Redd,78,220
Michael Ruffin,81,246
Michael Smith,80,230
Michael Smith,82,225
Michael Stewart,82,230
Michael Wiley,81,200
Michael Wilson,76,175
Michael Young,79,220
Micheal Ray Richardson,77,189
Micheal Williams,74,175
Mickael Gelabale,79,215
Mickael Pietrus,78,215
Mickell Gladness,83,220
Mickey Davis,79,195
Mickey Dillard,75,170
Mickey Johnson,82,190
Mike Bantom,81,200
Mike Barr,75,180
Mike Batiste,80,225
Mike Bibby,73,190
Mike Bratz,74,185
Mike Brittain,84,235
Mike Brown,81,257
Mike Champion,82,230
Mike Conley,73,180
Mike D'Antoni,75,185
Mike Davis,75,185
Mike Davis,82,230
Mike Dunleavy,75,180
Mike Dunleavy,81,220
Mike Evans,73,170
Mike Farmer,79,210
Mike Flynn,74,180
Mike Gale,76,185
Mike Gibson,82,205
Mike Glenn,74,175
Mike Gminski,83,250
Mike Green,82,200
Mike Hall,80,230
Mike Harper,82,195
Mike Harris,78,240
Mike Higgins,81,220
Mike Holton,76,185
Mike Iuzzolino,70,175
Mike James,74,188
Mike Kearns,74,178
Mike Lynn,79,215
Mike Macaluso,77,210
Mike McGee,77,190
Mike Miller,80,218
Mike Mitchell,79,215
Mike Morrison,76,195
Mike Muscala,83,239
Mike Newlin,76,200
Mike Niles,78,225
Mike O'Koren,79,207
Mike Penberthy,75,185
Mike Peplowski,82,270
Mike Price,75,200
Mike Ratliff,82,230
Mike Riordan,76,200
Mike Sanders,78,210
Mike Scott,80,237
Mike Silliman,78,225
Mike Smith,80,195
Mike Smrek,84,250
Mike Sojourner,81,225
Mike Sweetney,80,275
Mike Taylor,74,165
Mike Wilks,70,185
Mike Williams,80,255
Mike Woodson,77,195
Mikki Moore,83,225
Mile Ilic,85,230
Miles Plumlee,82,245
Miles Simon,75,202
Milos Babic,84,240
Milt Palacio,75,195
Milt Wagner,77,185
Milt Williams,74,182
Miroslav Raduljica,84,250
Mirsad Turkcan,81,236
Mirza Teletovic,80,235
Mitch Kupchak,81,230
Mitch Richmond,77,215
Mitchell Butler,77,210
Mitchell Wiggins,76,185
Mo Howard,74,170
Mo Layton,73,180
Mo Williams,73,185
Moe Barr,76,195
Monk Meineke,79,208
Monta Ellis,75,175
Monte Towe,67,150
Monti Davis,79,205
Monty Williams,80,225
Moochie Norris,73,175
Mookie Blaylock,72,180
Morlon Wiley,76,185
Morris Almond,78,225
Morris Peterson,79,218
Moses Malone,82,215
Mouhamed Sene,83,230
Muggsy Bogues,63,136
Mustafa Shakur,75,190
Mychal Thompson,82,226
Mychel Thompson,78,211
Myles Patrick,80,220
Myron Jackson,75,185
Nando De Colo,77,200
Nate Blackwell,76,170
Nate Bowman,82,230
Nate Driggers,77,215
Nate Hawthorne,76,190
Nate Huffman,85,245
Nate Johnston,80,210
Nate McMillan,77,195
Nate Robinson,69,180
Nate Thurmond,83,225
Nate Williams,77,215
Nate Wolters,76,190
Nathan Jawai,82,280
Nathaniel Clifton,78,220
Nazr Mohammed,82,221
Ndudi Ebi,81,200
Neal Walk,82,220
Negele Knight,73,175
Neil Johnson,79,220
Neil Johnston,80,210
Nemanja Nedovic,75,192
Nenad Krstic,84,240
Nene,83,260
Nick Anderson,78,205
Nick Calathes,78,213
Nick Collison,81,255
Nick Fazekas,83,235
Nick Jones,74,190
Nick Mantis,75,190
Nick Van Exel,73,170
Nick Vanos,85,255
Nick Weatherspoon,79,195
Nick Young,78,200
Nicolas Batum,80,200
Nikita Wilson,80,200
Nikola Pekovic,83,285
Nikola Vucevic,82,240
Nikoloz Tskitishvili,84,225
Noel Felix,81,225
Nolan Smith,74,185
Norm Cook,80,210
Norm Nixon,74,170
Norm Richardson,77,190
Norm Stewart,77,205
Norm Van Lier,73,173
Norman Black,77,185
Norris Cole,74,170
Norris Coleman,80,210
Norton Barnhill,76,205
O.J. Mayo,76,210
Obinna Ekezie,81,270
Odie Spears,77,205
Odis Allison,78,195
Ognjen Kuzmic,85,251
Olden Polynice,83,220
Oleksiy Pecherov,84,234
Oliver Lafayette,74,190
Oliver Miller,81,280
Oliver Robinson,76,180
Ollie Johnson,78,200
Ollie Mack,75,185
Olumide Oyedeji,82,240
Omar Cook,73,190
Omer Asik,84,255
Omri Casspi,81,225
Orien Greene,76,208
Orlando Graham,80,220
Orlando Johnson,77,220
Orlando Woolridge,81,215
Oscar Robertson,77,205
Oscar Torres,78,210
Othell Wilson,72,190
Othella Harrington,81,235
Othello Hunter,80,225
Othyus Jeffers,77,200
Otis Birdsong,75,190
Otis Howard,79,220
Otis Smith,77,210
Otis Thorpe,81,225
Otto Moore,83,205
Otto Porter,81,198
Owen Wells,79,200
Ozell Jones,83,235
P.J. Brown,83,225
P.J. Tucker,77,225
Pablo Prigioni,75,180
Pace Mannion,79,190
Pape Sow,82,250
Pape Sy,79,225
Pat Burke,83,250
Pat Cummings,81,230
Pat Dunn,74,170
Pat Durham,79,210
Pat Frink,76,195
Pat Garrity,81,238
Pat Riley,76,205
Patrick Beverley,73,180
Patrick Ewing,80,235
Patrick Ewing,84,240
Patrick Mills,72,185
Patrick O'Bryant,84,260
Patrick Patterson,81,235
Pau Gasol,84,227
Paul Arizin,76,190
Paul Davis,83,270
Paul Dawkins,77,190
Paul George,81,220
Paul Graham,78,200
Paul Grant,84,245
Paul Griffin,81,205
Paul Hoffman,74,195
Paul Hogue,81,240
Paul Long,74,180
Paul McCracken,76,180
Paul McPherson,76,210
Paul Millsap,80,245
Paul Mokeski,84,250
Paul Neumann,73,175
Paul Pierce,78,230
Paul Pressey,77,185
Paul Ruffner,82,225
Paul Seymour,73,180
Paul Shirley,82,230
Paul Silas,79,220
Paul Stovall,76,215
Paul Thompson,78,210
Paul Walther,74,160
Paul Westphal,76,195
Pavel Podkolzin,89,260
Pearl Washington,74,190
Peja Stojakovic,81,220
Pep Saul,74,185
Pepe Sanchez,76,195
Pero Antic,83,260
Perry Jones,83,235
Perry Moss,74,185
Perry Warbington,74,165
Perry Young,77,210
Pervis Ellison,81,210
Pete Brennan,78,205
Pete Chilcutt,82,230
Pete Cross,81,230
Pete Maravich,77,197
Pete Myers,78,180
Pete Verhoeven,81,215
Pete Williams,79,190
Peter Aluma,82,260
Peter John Ramos,87,275
Peter Thibeaux,79,210
Petur Gudmundsson,86,260
Peyton Siva,72,185
Phil Bond,74,175
Phil Chenier,75,180
Phil Ford,74,175
Phil Hankinson,80,195
Phil Hicks,79,205
Phil Hubbard,80,215
Phil Jackson,80,220
Phil Jordon,82,205
Phil Lumpkin,72,165
Phil Martin,75,190
Phil Pressey,71,175
Phil Rollins,74,185
Phil Sellers,76,195
Phil Smith,76,185
Phil Walker,75,180
Phil Zevenbergen,82,230
Pickles Kennedy,71,180
Plummer Lott,77,210
Pooh Richardson,73,180
Popeye Jones,80,250
Pops Mensah-Bonsu,81,240
Porter Meriwether,74,180
Predrag Drobnjak,83,270
Predrag Savovic,78,225
Priest Lauderdale,88,325
Primoz Brezec,86,252
Purvis Short,79,210
Quentin Richardson,78,223
Quincy Acy,79,233
Quincy Douby,75,175
Quincy Lewis,79,215
Quincy Miller,81,210
Quincy Pondexter,78,225
Quinn Buckner,75,190
Quintin Dailey,75,180
Quinton Ross,78,195
Qyntel Woods,80,221
Radisav Curcic,82,275
Raef LaFrentz,83,240
Rafael Addison,79,215
Rafael Araujo,83,280
Rafer Alston,74,171
Raja Bell,77,204
Rajon Rondo,73,171
Ralph Davis,76,180
Ralph Drollinger,86,250
Ralph Lewis,78,200
Ralph Ogden,77,205
Ralph Sampson,88,228
Ralph Simpson,77,200
Ralph Wells,73,180
Ramon Rivas,82,260
Ramon Sessions,75,190
Randell Jackson,83,215
Randolph Childress,74,188
Randolph Keys,79,195
Randolph Morris,82,266
Randy Allen,80,220
Randy Breuer,87,230
Randy Brown,74,190
Randy Denton,82,240
Randy Foye,76,210
Randy Holcomb,81,225
Randy Livingston,76,209
Randy Smith,75,180
Randy White,80,240
Randy Wittman,78,210
Randy Woods,70,185
Rashad McCants,76,207
Rashard Lewis,82,215
Rasheed Wallace,82,225
Rasho Nesterovic,84,248
Rastko Cvetkovic,85,260
Rasual Butler,79,205
Ratko Varda,85,260
Raul Lopez,73,170
Rawle Marshall,81,190
Ray Allen,77,205
Ray Blume,76,185
Ray Epps,78,195
Ray Felix,83,220
Ray McCallum,75,190
Ray Owes,81,224
Ray Radziszewski,77,210
Ray Scott,81,215
Ray Tolbert,81,225
Ray Williams,75,188
Raymond Brown,80,220
Raymond Felton,73,198
Raymond Townsend,75,175
Red Davis,79,220
Red Kerr,81,230
Red Morrison,80,220
Red Rocha,81,185
Reece Gaines,78,205
Reggie Bullock,79,205
Reggie Carter,75,175
Reggie Evans,80,245
Reggie Geary,74,187
Reggie Hanson,80,195
Reggie Harding,84,249
Reggie Jackson,75,208
Reggie Johnson,81,205
Reggie Jordan,76,195
Reggie King,78,225
Reggie Lewis,79,195
Reggie Miller,79,185
Reggie Slater,79,215
Reggie Smith,82,240
Reggie Theus,79,190
Reggie Williams,78,210
Reggie Williams,79,190
Renaldo Balkman,80,208
Renaldo Major,79,200
Rex Chapman,76,185
Rex Morgan,77,190
Rex Walters,76,190
Rich Eichhorst,75,200
Rich Johnson,79,210
Rich Jones,78,220
Rich Kelley,84,235
Rich King,86,260
Rich Laurel,78,190
Rich Manning,83,253
Rich Niemann,84,245
Rich Rinaldi,75,195
Rich Yonakor,81,220
Richard Anderson,82,240
Richard Coffey,78,212
Richard Dumas,79,200
Richard Hamilton,78,185
Richard Jefferson,79,222
Richard Morton,75,190
Richard Petruska,82,260
Richard Rellford,78,230
Richard Washington,83,220
Richie Frahm,77,210
Richie Guerin,76,195
Richie Regan,74,180
Rick Adelman,73,175
Rick Barry,79,205
Rick Brunson,76,190
Rick Calloway,78,180
Rick Carlisle,77,210
Rick Fox,79,230
Rick Hughes,81,235
Rick Mahorn,82,240
Rick Roberson,81,231
Rick Robey,83,230
Rick Weitzman,74,175
Rick Wilson,77,200
Rickey Brown,82,215
Rickey Green,72,170
Rickey Williams,73,175
Rickie Winslow,80,225
Ricky Berry,80,205
Ricky Blanton,79,215
Ricky Davis,78,195
Ricky Grace,73,180
Ricky Ledo,79,195
Ricky Marsh,75,200
Ricky Pierce,76,205
Ricky Rubio,76,180
Ricky Sobers,75,198
Ricky Wilson,75,195
Rik Smits,88,250
Rob Kurz,81,232
Rob Lock,81,225
Rob Rose,77,180
Rob Williams,74,175
Robbie Hummel,80,215
Robert Archibald,83,250
Robert Churchwell,78,195
Robert Covington,81,215
Robert Hawkins,76,190
Robert Hite,74,184
Robert Horry,81,220
Robert Pack,74,180
Robert Parish,84,230
Robert Reid,80,205
Robert Sacre,84,263
Robert Smith,71,165
Robert Swift,84,245
Robert Traylor,80,284
Robert Werdann,83,250
Robert Whaley,82,260
Robin Jones,81,225
Robin Lopez,84,255
Rock Lee,82,220
Rod Derline,72,175
Rod Foster,73,160
Rod Freeman,79,225
Rod Higgins,79,200
Rod Knowles,81,215
Rod Strickland,75,175
Rod Thorn,76,195
Rodney Buford,77,189
Rodney Carney,79,205
Rodney McCray,79,220
Rodney Rogers,79,235
Rodney Stuckey,77,205
Rodney White,81,238
Rodrick Rhodes,78,225
Rodrigue Beaubois,72,170
Roger Brown,83,225
Roger Burkman,77,175
Roger Mason,77,200
Roger Phegley,78,205
Roger Powell,78,235
Roger Strickland,77,200
Roko Ukic,77,183
Roland West,76,178
Rolando Blackman,78,190
Rolando Ferreira,85,240
Rollen Hans,74,210
Ron Anderson,79,215
Ron Behagen,81,185
Ron Bonham,77,192
Ron Boone,74,200
Ron Brewer,76,180
Ron Carter,77,190
Ron Cavenall,85,230
Ron Crevier,84,235
Ron Davis,78,198
Ron Feiereisel,75,185
Ron Filipek,77,205
Ron Grandison,78,215
Ron Harper,78,185
Ron Horn,79,220
Ron Johnson,80,215
Ron Knight,79,215
Ron Lee,76,193
Ron Mercer,79,210
Ron Moore,84,260
Ron Reed,77,205
Ron Riley,80,195
Ron Rowan,77,200
Ron Shavlik,80,200
Ron Sobie,75,185
Ron Watts,78,210
Ron Williams,75,188
Ronald Dupree,79,209
Ronald Murray,76,190
Ronnie Brewer,79,220
Ronnie Lester,74,175
Ronnie MacGilvray,74,185
Ronnie Murphy,77,225
Ronnie Price,74,190
Ronnie Valentine,79,210
Ronny Turiaf,82,249
Rony Seikaly,83,230
Rory Sparrow,74,175
Rory White,80,210
Roshown McLeod,80,221
Rowland Garrett,78,210
Roy Hamilton,74,180
Roy Hibbert,86,278
Roy Hinson,81,210
Roy Marble,78,190
Roy Rogers,82,235
Roy Tarpley,83,230
Royal Ivey,75,200
Royce White,80,270
Ruben Boumtje-Boumtje,84,257
Ruben Garces,81,245
Ruben Nembhard,75,208
Ruben Patterson,77,224
Ruben Wolkowyski,82,270
Rudy Fernandez,78,185
Rudy Gay,80,230
Rudy Gobert,85,220
Rudy Hackett,81,210
Rudy LaRusso,79,220
Rudy Macklin,79,205
Rudy Tomjanovich,80,218
Rudy White,74,195
Rumeal Robinson,74,195
Russ Lee,77,185
Russ Schoene,82,210
Russell Cross,82,215
Russell Westbrook,75,187
Rusty LaRue,74,210
Ryan Anderson,82,240
Ryan Bowen,79,215
Ryan Gomes,79,250
Ryan Hollins,84,230
Ryan Humphrey,80,235
Ryan Kelly,83,230
Ryan Lorthridge,76,190
Ryan Reid,80,232
Ryan Robertson,77,190
Ryan Stack,83,215
Salim Stoudamire,73,179
Sam Bowie,85,235
Sam Cassell,75,185
Sam Jacobson,76,215
Sam Jones,76,198
Sam Lacey,82,235
Sam Mack,79,220
Sam Mitchell,78,210
Sam Pellom,81,225
Sam Perkins,81,235
Sam Sibert,79,215
Sam Smith,76,200
Sam Stith,74,185
Sam Vincent,74,185
Sam Williams,75,180
Sam Williams,80,210
Sam Worthen,77,195
Sam Young,78,220
Samaki Walker,81,240
Samardo Samuels,81,260
Samuel Dalembert,83,250
Sarunas Jasikevicius,76,195
Sarunas Marciulionis,77,200
Sasha Danilovic,77,200
Sasha Pavlovic,80,220
Sasha Vujacic,79,193
Scooter McCray,81,215
Scot Pollard,83,265
Scott Brooks,71,165
Scott Burrell,79,218
Scott English,78,205
Scott Haffner,75,180
Scott Haskin,83,250
Scott Hastings,82,235
Scott Lloyd,82,230
Scott Machado,73,205
Scott May,79,215
Scott Meents,82,225
Scott Padgett,81,240
Scott Roth,80,212
Scott Sims,73,170
Scott Skiles,73,180
Scott Wedman,79,215
Scott Williams,82,230
Scottie Pippen,80,210
Scotty Hopson,79,204
Sean Colson,72,175
Sean Elliott,80,205
Sean Green,77,210
Sean Higgins,81,205
Sean Lampley,79,227
Sean Marks,82,250
Sean May,81,266
Sean Rooks,82,250
Sean Singletary,72,185
Sean Williams,82,235
Sebastian Telfair,72,165
Sedale Threatt,74,175
Sedric Toney,74,178
Semih Erden,84,240
Serge Ibaka,82,220
Sergei Bazarevich,74,168
Sergei Monia,80,220
Sergey Karasev,79,203
Sergio Rodriguez,75,168
Seth Curry,74,185
Shabazz Muhammad,78,225
Shaler Halimon,77,199
Shammond Williams,73,201
Shandon Anderson,78,208
Shane Battier,80,220
Shane Edwards,79,220
Shane Heal,72,180
Shane Larkin,71,176
Shannon Brown,76,205
Shaquille O'Neal,85,325
Shareef Abdur-Rahim,81,225
Sharone Wright,83,260
Sharrod Ford,81,225
Shaun Livingston,79,182
Shavlik Randolph,82,240
Shawn Bradley,90,235
Shawn Kemp,82,230
Shawn Marion,79,220
Shawn Respert,73,195
Shawne Williams,81,225
Shawnelle Scott,82,250
Shea Seals,77,210
Shelden Williams,81,250
Shellie McMillon,77,205
Shelton Jones,81,210
Shelvin Mack,75,215
Sherell Ford,79,210
Sherman Douglas,72,180
Sherron Collins,71,205
Si Green,74,185
Sid Catlett,78,230
Sidney Green,81,220
Sidney Lowe,72,195
Sidney Moncrief,75,180
Sidney Wicks,80,225
Skeeter Henry,79,190
Skip Harlicka,73,185
Skippy Whitaker,73,180
Slater Martin,70,170
Slavko Vranes,89,275
Sleepy Floyd,75,170
Slick Leonard,75,185
Slick Watts,73,175
Sly Williams,79,210
Smush Parker,76,190
Solomon Alabi,85,251
Solomon Hill,79,220
Solomon Jones,82,230
Sonny Dove,79,198
Sonny Parker,78,200
Sonny Weems,78,203
Soumaila Samake,84,230
Speedy Claxton,71,166
Spencer Hawes,84,245
Spencer Haywood,80,225
Spud Webb,66,133
Stacey Arceneaux,76,210
Stacey Augmon,78,205
Stacey King,83,230
Stan Kimbrough,71,153
Stan Love,81,215
Stan McKenzie,77,195
Stan Pietkiewicz,77,200
Stan Washington,76,190
Stanislav Medvedenko,82,250
Stanley Brundy,78,210
Stanley Jackson,75,185
Stanley Roberts,84,285
Stefano Rusconi,81,240
Steffond Johnson,80,240
Stephane Lasme,80,215
Stephen Curry,75,185
Stephen Graham,78,215
Stephen Howard,81,225
Stephen Jackson,80,218
Stephon Marbury,74,180
Steve Alford,74,183
Steve Bardo,77,190
Steve Blake,75,172
Steve Bracey,73,175
Steve Bucknall,78,215
Steve Burtt,74,185
Steve Colter,75,165
Steve Courtin,73,188
Steve Downing,80,225
Steve Francis,75,195
Steve Goodrich,82,220
Steve Green,79,220
Steve Hamer,84,245
Steve Hamilton,78,190
Steve Harris,77,195
Steve Hawes,81,220
Steve Hayes,84,205
Steve Henson,71,177
Steve Johnson,82,235
Steve Jones,77,205
Steve Kerr,75,175
Steve Kuberski,80,215
Steve Lingenfelter,81,225
Steve Malovic,82,230
Steve Mix,79,215
Steve Nash,75,195
Steve Novak,82,220
Steve Patterson,81,225
Steve Scheffler,81,250
Steve Sheppard,78,215
Steve Smith,79,200
Steve Stipanovich,83,245
Steven Adams,84,250
Steven Hill,84,248
Steven Hunter,84,220
Steven Smith,80,235
Stevin Smith,74,208
Stewart Granger,75,190
Stojko Vrankovic,86,260
Stromile Swift,81,225
Stu Lantz,75,175
Stuart Gray,84,235
Sun Yue,81,205
Sundiata Gaines,73,185
Swede Halbrook,87,235
Swen Nater,83,240
Sylvester Gray,78,230
Sylvester Norris,83,220
T.J. Ford,72,165
T.R. Dunn,76,192
Taj Gibson,81,225
Tal Skinner,77,195
Tamar Slay,80,215
Tang Hamilton,80,220
Tarence Kinsey,78,185
Tariq Abdul-Wahad,78,223
Tate Armstrong,75,175
Tate George,77,190
Taurean Green,72,177
Taylor Griffin,79,238
Tayshaun Prince,81,215
Ted Luckenbill,78,205
Ted Manakas,74,180
Ted McClain,73,180
Tellis Frank,82,225
Terence Morris,81,221
Terence Stansbury,77,170
Terrance Roberson,79,215
Terrel Harris,77,190
Terrell Brandon,71,180
Terrence Jones,81,252
Terrence Rencher,75,185
Terrence Ross,78,195
Terrence Williams,78,220
Terry Catledge,80,220
Terry Crosby,76,195
Terry Cummings,81,220
Terry Davis,81,225
Terry Dehere,74,190
Terry Dischinger,79,189
Terry Dozier,81,210
Terry Driscoll,79,215
Terry Duerod,74,180
Terry Furlow,76,190
Terry Mills,82,230
Terry Porter,75,195
Terry Teagle,77,195
Terry Thomas,80,220
Terry Tyler,79,215
Thabo Sefolosha,77,215
Thaddeus Young,80,220
Thales McReynolds,75,185
Theo Ratliff,82,225
Theron Smith,80,225
Thomas Gardner,77,225
Thomas Hamilton,86,330
Thomas Jordan,82,220
Thomas Robinson,81,240
Thurl Bailey,83,215
Tiago Splitter,83,232
Ticky Burden,74,185
Tierre Brown,74,189
Tim Bassett,80,225
Tim Breaux,79,215
Tim Duncan,83,248
Tim Hardaway,72,175
Tim Hardaway,78,205
Tim James,79,212
Tim Kempton,82,245
Tim Legler,76,200
Tim McCormick,83,240
Tim Ohlbrecht,83,255
Tim Perry,81,200
Tim Thomas,82,230
Tim Young,84,220
Timofey Mozgov,85,250
Tiny Archibald,73,150
Tito Horford,85,245
Tito Maddox,76,190
Tobias Harris,80,226
Toby Bailey,78,213
Toby Kimball,78,220
Toby Knight,81,210
Tod Murphy,81,220
Todd Day,78,188
Todd Fuller,83,255
Todd Lichti,76,205
Todd MacCulloch,84,280
Todd Mitchell,79,205
Todd Mundt,84,250
Togo Palazzi,76,205
Tom Abernethy,79,220
Tom Barker,83,225
Tom Black,82,220
Tom Boerwinkle,84,265
Tom Boswell,81,220
Tom Brennan,75,195
Tom Burleson,86,225
Tom Chambers,82,220
Tom Garrick,74,185
Tom Gola,78,205
Tom Gugliotta,82,240
Tom Hammonds,81,215
Tom Hawkins,77,210
Tom Heinsohn,79,218
Tom Henderson,75,190
Tom Hoover,81,230
Tom Hovasse,80,205
Tom Ingelsby,75,180
Tom Kozelko,80,220
Tom Kropp,75,205
Tom LaGarde,82,220
Tom Marshall,76,215
Tom McMillen,83,215
Tom Meschery,78,215
Tom Owens,82,215
Tom Patterson,78,220
Tom Payne,86,240
Tom Piotrowski,85,240
Tom Riker,82,225
Tom Sanders,78,210
Tom Stith,77,210
Tom Thacker,74,170
Tom Tolbert,79,235
Tom Van Arsdale,77,202
Tom Workman,79,218
Tommie Green,74,185
Tommy Kearns,71,185
Tommy Kron,77,200
Toney Douglas,74,190
Toni Kukoc,82,192
Tony Allen,76,213
Tony Battie,83,230
Tony Bennett,72,175
Tony Bobbitt,76,190
Tony Brown,78,185
Tony Campbell,79,215
Tony Dawson,79,215
Tony Delk,73,189
Tony Dumas,78,190
Tony Farmer,81,244
Tony Fuller,76,180
Tony Harris,75,190
Tony Jackson,72,170
Tony Massenburg,81,220
Tony Mitchell,78,216
Tony Mitchell,80,235
Tony Parker,74,180
Tony Price,78,190
Tony Robertson,76,195
Tony Smith,75,185
Tony Snell,79,200
Tony White,74,170
Tony Windis,73,160
Tony Wroten,77,205
Tony Zeno,80,210
Torgeir Bryn,81,250
Tornike Shengelia,81,217
Torraye Braggs,80,245
Toure' Murry,77,195
Tracy Jackson,78,205
Tracy McGrady,80,210
Tracy Moore,76,200
Tracy Murray,79,225
Trajan Langdon,75,197
Travis Best,71,182
Travis Diener,73,175
Travis Grant,79,215
Travis Hansen,78,205
Travis Knight,84,235
Travis Leslie,76,205
Travis Mays,74,190
Travis Outlaw,81,210
Travis Williams,78,215
Tree Rollins,85,235
Tremaine Fowlkes,80,220
Trent Tucker,77,193
Trenton Hassell,77,200
Trevor Ariza,80,200
Trevor Booker,79,240
Trevor Ruffin,73,185
Trevor Wilson,79,210
Trevor Winter,84,275
Trey Burke,72,190
Trey Gilder,81,185
Trey Johnson,77,218
Trey Thompkins,82,245
Tristan Thompson,80,225
Troy Bell,73,180
Troy Daniels,76,200
Troy Hudson,73,170
Troy Murphy,83,245
Truck Robinson,79,225
Ty Lawson,71,195
Tyler Hansbrough,81,250
Tyler Honeycutt,80,188
Tyler Zeller,84,250
Tyreke Evans,78,220
Tyrone Britt,76,190
Tyrone Corbin,78,210
Tyrone Hill,81,240
Tyrone Nesby,78,225
Tyronn Lue,72,175
Tyrus Thomas,81,215
Tyshawn Taylor,75,185
Tyson Chandler,85,235
Tyson Wheeler,70,165
Tyus Edney,70,152
Udonis Haslem,80,230
Uros Slokar,82,238
Uwe Blab,85,252
Vander Blue,76,200
Vassilis Spanoulis,76,195
Vern Fleming,77,185
Vern Hatton,75,195
Vern Mikkelsen,79,230
Vernon Macklin,82,227
Vernon Maxwell,76,180
Vester Marshall,79,200
Viacheslav Kravtsov,84,260
Vic Bartolome,84,230
Victor Alexander,81,265
Victor Claver,81,224
Victor Oladipo,77,214
Viktor Khryapa,81,210
Vin Baker,83,232
Vince Carter,78,215
Vince Taylor,77,180
Vincent Askew,78,210
Vincent Yarbrough,79,210
Vincenzo Esposito,75,198
Vinnie Johnson,74,200
Vinny Del Negro,76,185
Vitaly Potapenko,82,280
Vitor Faverani,83,260
Vlade Divac,85,243
Vladimir Radmanovic,82,227
Vladimir Stepania,84,236
Voise Winters,80,200
Von Wafer,77,210
Vonteego Cummings,75,185
Voshon Lenard,76,205
Wali Jones,74,180
Walker Russell,72,170
Walker Russell,77,195
Wallace Bryant,84,245
Wally Anderzunas,79,220
Wally Osterkorn,77,215
Wally Rank,78,220
Wally Szczerbiak,79,244
Wally Walker,79,190
Walt Bellamy,83,225
Walt Davis,80,205
Walt Frazier,76,200
Walt Gilmore,78,225
Walt Wesley,83,220
Walt Williams,80,219
Walter Berry,80,215
Walter Bond,77,200
Walter Davis,78,193
Walter Dukes,84,220
Walter Herrmann,81,225
Walter Jordan,79,198
Walter McCarty,82,230
Walter Palmer,85,215
Walter Sharpe,81,245
Wang Zhizhi,84,255
Wardell Jackson,79,200
Warren Kidd,81,235
Wayman Britt,74,185
Wayman Tisdale,81,240
Wayne Cooper,82,220
Wayne Ellington,76,200
Wayne Embry,80,240
Wayne Englestad,80,245
Wayne Hightower,80,192
Wayne Kreklow,76,175
Wayne Molis,80,230
Wayne Radford,75,205
Wayne Robinson,80,217
Wayne Simien,81,255
Wayne Stevens,75,185
Wayne Turner,74,190
Wayne Yates,80,235
Wes Matthews,73,170
Wes Unseld,79,245
Wesley Cox,78,215
Wesley Johnson,79,205
Wesley Matthews,77,220
Wesley Person,78,195
Whitey Bell,72,180
Whitey Martin,74,185
Whitey Skoog,71,180
Wil Jones,80,205
Wilbur Holland,72,175
Wiley Peck,79,220
Will Barton,78,174
Will Blalock,72,205
Will Bynum,72,185
Will Conroy,74,195
Will Frazier,79,210
Will Perdue,84,240
Will Solomon,73,185
William Avery,74,197
William Bedford,84,225
William Cunningham,83,250
William Smith,84,220
Willie Anderson,79,190
Willie Burton,80,210
Willie Green,76,200
Willie Jones,75,185
Willie McCarter,75,175
Willie Naulls,78,225
Willie Norwood,79,220
Willie Smith,74,170
Willie Somerset,68,170
Willie Warren,76,203
Willie White,75,195
Willie Williams,79,200
Willie Wise,77,210
Willis Reed,81,235
Wilson Chandler,80,220
Wilson Washington,81,227
Wilt Chamberlain,85,275
Win Wilfong,74,185
Winford Boynes,78,185
Winston Bennett,79,210
Winston Crite,79,233
Winston Garland,74,170
Woody Sauldsberry,79,220
World B. Free,74,185
Worthy Patterson,74,175
Xavier Henry,78,220
Xavier McDaniel,79,205
Xavier Silas,77,205
Yakhouba Diawara,79,225
Yao Ming,90,310
Yaroslav Korolev,81,203
Yi Jianlian,84,238
Yinka Dare,84,265
York Larese,76,183
Yuta Tabuse,69,165
Yvon Joseph,83,245
Zabian Dowdell,75,191
Zach Randolph,81,253
Zaid Abdul-Aziz,81,235
Zan Tabak,84,245
Zarko Cabarkapa,83,235
Zarko Paspalj,81,215
Zaza Pachulia,83,240
Zeke Zawoluk,79,215
Zeljko Rebraca,84,257
Zelmo Beaty,81,225
Zendon Hamilton,83,250
Zoran Planinic,79,195
Zydrunas Ilgauskas,87,238
